name,category,difficulty,geometry,image,blurb,facts,prompt
D.B. Cooper,event,medium,"FBI's first drop-zone estimate: 45.9300,-122.5300 | Tena Bar money find: 45.7179,-122.7595",,"The FBI's first estimate put him down near Lake Merwin, southeast of Ariel; in 1980 a boy of eight dug up $5,800 of the rotting bills on the Columbia's Tena Bar.","date: November 24, 1971 | type: hijacking | region: Southwest Washington","On Thanksgiving Eve 1971, a hijacker calling himself Dan Cooper jumped from a Boeing 727's rear stairs into the rainy night with $200,000 in ransom. Where did the FBI think he landed, or where did some of it turn up?"
Boeing's first flight,event,easy,"47.6536,-122.3227; 47.6422,-122.3298; 47.6314,-122.3273; 47.6308,-122.3299; 47.6279,-122.3324; 47.6283,-122.3342; 47.6269,-122.3346; 47.6265,-122.3361; 47.6280,-122.3362; 47.6279,-122.3381; 47.6262,-122.3384; 47.6309,-122.3405; 47.6376,-122.3401; 47.6428,-122.3426; 47.6460,-122.3486; 47.6479,-122.3495; 47.6475,-122.3477; 47.6486,-122.3468; 47.6479,-122.3420; 47.6445,-122.3341; 47.6513,-122.3294; 47.6532,-122.3267; 47.6536,-122.3227",,B&W stood for Boeing and Navy lieutenant Conrad Westervelt; the floatplane was built in a boathouse hangar at the foot of Roanoke Street on Seattle's Lake Union.,"date: June 15, 1916 | type: first flight | region: Seattle, WA","On June 15, 1916, William Boeing took off from this water in the B&W seaplane Bluebill, the first airplane he helped build. A month later he incorporated the company that became Boeing."
First gravitational waves,event,hard,"46.4551,-119.4077",,LIGO Hanford sits in the sagebrush of the Hanford Site near Richland; the detection won three LIGO physicists the 2017 Nobel Prize in Physics.,"date: September 14, 2015 | type: scientific discovery | region: Hanford Site, WA","On September 14, 2015, an L-shaped laser detector with 4 km arms caught a fifth-of-a-second 'chirp' from two black holes merging over a billion light-years away. Its twin is in Louisiana; where is this one?"
End of the Oregon Trail,event,medium,"45.3647,-122.5943",,"Many emigrants wintered on Abernethy Green in Oregon City, and from 1846 the Barlow Road ended there; an Oregon Trail interpretive center now stands on the site.","date: 1840s–1860s | type: trail's end | region: Willamette Valley, OR","After some 2,000 miles walking beside ox-drawn wagons, many Oregon Trail emigrants made their final camp on a creekside meadow here, in the town that became the Oregon Territory's first capital."
Lituya Bay megatsunami,event,hard,"58.6690,-137.5275",,"The rockfall plunged into Gilbert Inlet at the head of Lituya Bay, and water poured over the crest of the spur opposite; the wave then raced out the bay, where one fishing boat and its two crew were lost.","date: July 9, 1958 | type: megatsunami | region: Glacier Bay NP, AK","On July 9, 1958, an earthquake shook 30 million cubic meters of rock into the head of a remote Alaskan fjord. The splash stripped the forest 1,720 feet up the opposite slope, the highest tsunami run-up ever recorded."
Oso landslide,event,medium,"48.2790,-121.8440",,"The slide buried the Steelhead Haven neighborhood east of Oso, Washington; the Oso Landslide Memorial beside SR 530, opened on the tenth anniversary in 2024, honors the 43 who died.","date: March 22, 2014 | type: landslide | region: Snohomish County, WA","At 10:37 a.m. on March 22, 2014, a rain-soaked hillside gave way and flowed across a river valley more than half a mile wide, burying a rural neighborhood and a state highway. Forty-three people died."
Rajneeshpuram,event,hard,"44.8350,-120.4800",,"Rajneeshpuram rose on the 64,000-acre Big Muddy Ranch near Antelope, about 60 miles southeast of the salad bars in The Dalles; since 1999 the ranch has been a Young Life youth camp, now Washington Family Ranch.","date: September–October 1984 | type: bioterror attack | region: Wasco County, OR","In 1984, members of the Rajneeshpuram commune based here spiked restaurant salad bars in the county seat with salmonella, hoping to sicken voters and sway the county election. In all, 751 people fell ill."
Bill Gates's house,poi,medium,"47.6278,-122.2419",,"Bill Gates's 66,000-sq-ft Lake Washington mansion, dug into a Medina hillside; the press dubbed it Xanadu 2.0.",type: earth-sheltered mansion | built: 1990–97,
Valve headquarters,poi,medium,"47.6142,-122.2008",,"Valve, maker of Half-Life, Portal and Steam, moved into nine floors of this 31-story Lincoln Square tower in downtown Bellevue in 2017.",type: video game company HQ | founded: 1996 | built: tower opened 2017,
