name,facts
Black Tusk,"type: eroded stratovolcano | elevation_m: 2319 | prominence_m: 569 | range: Coast Mountains (Garibaldi Ranges) | first_ascent: 1912, William J. Gray & party | rock: andesite"
Castle Mountain,"elevation_m: 2850 | prominence_m: 168 | range: Canadian Rockies | first_ascent: 1884, Arthur P. Coleman | classic: Brewer Buttress, II 5.6, 13 pitches | rock: limestone"
Golden Hinde,"elevation_m: 2195 | prominence_m: 2195 | range: Vancouver Island Ranges | first_ascent: 1913, Einar Anderson & party | rock: basalt"
Grouse Mountain,"type: ski area | elevation_m: 1231 | prominence_m: 86 | range: Coast Mountains (North Shore Mountains)"
Ha Ling Peak,"elevation_m: 2408 | prominence_m: 31 | range: Canadian Rockies"
Mount Alberta,"elevation_m: 3619 | prominence_m: 819 | range: Canadian Rockies | first_ascent: 1925, Yuko Maki's Japanese party | classic: Japanese Route, V 5.6"
Mount Cayley,"type: stratovolcano | elevation_m: 2385 | prominence_m: 674 | range: Coast Mountains (Pacific Ranges) | first_ascent: 1928, E. C. Brooks & party"
Mount Columbia,"tagline: Highest point in Alberta | elevation_m: 3747 | prominence_m: 2383 | range: Canadian Rockies | first_ascent: 1902, James Outram & Christian Kaufmann"
Mount Edith Cavell,"elevation_m: 3363 | prominence_m: 2007 | range: Canadian Rockies | first_ascent: 1915, A. J. Gilmour & E. W. D. Holway | classic: North Face, IV 5.7"
Mount Edziza,"type: stratovolcano | elevation_m: 2786 | prominence_m: 1763 | range: Tahltan Highland"
Mount Meager,"type: volcanic complex | elevation_m: 2680 | range: Coast Mountains (Pacific Ranges) | last_eruption: c. 2,400 years ago"
Mount Price,"type: stratovolcano | elevation_m: 2049 | prominence_m: 402 | range: Coast Mountains (Garibaldi Ranges) | first_ascent: 1912, BC Mountaineering Club party | rock: andesite & dacite"
Mount Sir Douglas,"elevation_m: 3406 | prominence_m: 1141 | range: Canadian Rockies | first_ascent: 1919, J.W.A. Hickson & Edward Feuz Jr."
Mount Temple,"elevation_m: 3544 | prominence_m: 1544 | range: Canadian Rockies (Bow Range) | first_ascent: 1894, Wilcox, Allen & Frissell | classic: East Ridge, IV 5.7"
Mt Assiniboine,"elevation_m: 3618 | prominence_m: 2086 | range: Canadian Rockies | first_ascent: 1901, James Outram, C. Bohren, C. Hasler | classic: North Ridge, II 5.5"
Mt Begbie,"elevation_m: 2733 | prominence_m: 883 | range: Monashee Mountains | first_ascent: 1907, Haggen, Herdman, Robertson, Feuz"
Mt Garibaldi,"type: stratovolcano | elevation_m: 2678 | prominence_m: 855 | range: Coast Mountains (Garibaldi Ranges) | first_ascent: 1907, Atwell King & party | last_eruption: c. 10,000 years ago | rock: dacite"
Mt Joffre,"elevation_m: 2721 | prominence_m: 331 | range: Coast Mountains (Lillooet Ranges) | first_ascent: 1957, Dick Chambers & Paddy Sherman"
Mt Logan,"tagline: Highest peak in Canada | elevation_m: 5959 | prominence_m: 5250 | range: Saint Elias Mountains | first_ascent: 1925, A. H. MacCarthy & party"
Mt Robson,"tagline: Highest peak in the Canadian Rockies | elevation_m: 3954 | prominence_m: 2829 | range: Canadian Rockies (Rainbow Range) | first_ascent: 1913, Kain, MacCarthy & Foster | classic: Kain Face, IV"
Mt Sir Donald,"elevation_m: 3284 | prominence_m: 874 | range: Selkirk Mountains (Sir Donald Range) | first_ascent: 1890, Huber, Sulzer & Cooper | classic: Northwest Ridge, III 5.4 | rock: quartzite"
Mt Slesse,"elevation_m: 2429 | prominence_m: 852 | range: North Cascades (Skagit Range) | first_ascent: 1927, Henderson, Winram & Parkes | classic: Northeast Buttress, V 5.9, 24 pitches | rock: diorite"
Mt Waddington,"tagline: Highest peak entirely in British Columbia | elevation_m: 4019 | prominence_m: 3289 | range: Coast Mountains (Waddington Range) | first_ascent: 1936, Fritz Wiessner & Bill House"
Sky Pilot,"elevation_m: 2031 | prominence_m: 1236 | range: Coast Mountains (Britannia Range) | first_ascent: 1910, Basil Darling & party"
Tantalus Range,"type: range | elevation_m: 2603 | range: Coast Mountains (Pacific Ranges)"
The Lions,"type: twin peaks | elevation_m: 1654 | prominence_m: 369 | range: Coast Mountains (North Shore Mountains) | rock: hornblende diorite"
Wedge Mountain,"elevation_m: 2892 | prominence_m: 2249 | range: Coast Mountains (Garibaldi Ranges) | first_ascent: 1923, Neal Carter & Charles Townsend"
Athabasca Glacier,"type: outlet glacier | length_km: 6 | area_km2: 6 | range: Canadian Rockies (Columbia Icefield)"
Blue Glacier,"type: mountain glacier | length_km: 4.18 | range: Olympic Mountains (Mount Olympus)"
Easton Glacier,"type: mountain glacier | length_km: 4.02 | range: North Cascades (Mount Baker)"
Emmons Glacier,"tagline: Largest glacier in the contiguous US | type: mountain glacier | area_km2: 11.14 | range: Cascade Range (Mount Rainier)"
Cascade Pass,"type: trail pass | elevation_m: 1643.5 | range: North Cascades"
Rogers Pass,"elevation_m: 1330 | road: Trans-Canada Highway (Hwy 1) | range: Selkirk Mountains | built: rail 1885, highway 1962"
Snoqualmie Pass,"elevation_m: 921.1 | road: I-90 | range: Cascade Range"
Stevens Pass,"elevation_m: 1237.8 | road: US 2 | range: Cascade Range"
Washington Pass,"elevation_m: 1669.4 | road: SR 20 (North Cascades Hwy) | range: North Cascades | built: opened 1972"
