name,geometry
Okanagan Lake,"49.7777,-119.6329; 49.7641,-119.6925; 49.7480,-119.7155; 49.7359,-119.7157; 49.7265,-119.7249; 49.6928,-119.6786; 49.6758,-119.6703; 49.6538,-119.6289; 49.6058,-119.5960; 49.5974,-119.6054; 49.5841,-119.5906; 49.5538,-119.5761; 49.5376,-119.5767; 49.5307,-119.5691; 49.5071,-119.5810; 49.5059,-119.5885; 49.5054,-119.5833; 49.5012,-119.6133; 49.5309,-119.6182; 49.5591,-119.6383; 49.5646,-119.6231; 49.5728,-119.6194; 49.5841,-119.6445; 49.6003,-119.6525; 49.6076,-119.6498; 49.6279,-119.6627; 49.6294,-119.6743; 49.6697,-119.7045; 49.7174,-119.7586; 49.7381,-119.7668; 49.7812,-119.7310; 49.7823,-119.7120; 49.7946,-119.6982; 49.8081,-119.6280; 49.8230,-119.6184; 49.8213,-119.5948; 49.8266,-119.5856; 49.8225,-119.5881; 49.8336,-119.5709; 49.8366,-119.5738; 49.8476,-119.5444; 49.8601,-119.5329; 49.8722,-119.5316; 49.8783,-119.5159; 49.8785,-119.5227; 49.8870,-119.5246; 49.8948,-119.5388; 49.9142,-119.5358; 49.9244,-119.5211; 49.9254,-119.5096; 49.9348,-119.5058; 49.9376,-119.4979; 49.9437,-119.5006; 49.9522,-119.4929; 49.9784,-119.4960; 49.9869,-119.4883; 49.9950,-119.4946; 50.0163,-119.4884; 50.0408,-119.4999; 50.0675,-119.4941; 50.0978,-119.5057; 50.1224,-119.5075; 50.1382,-119.4914; 50.1451,-119.5028; 50.1801,-119.5041; 50.1968,-119.4889; 50.2258,-119.4368; 50.2456,-119.4509; 50.2696,-119.4436; 50.2697,-119.4273; 50.2773,-119.4008; 50.2845,-119.3913; 50.2979,-119.3922; 50.3021,-119.3764; 50.3112,-119.3682; 50.3201,-119.3690; 50.3346,-119.3406; 50.3348,-119.3304; 50.3432,-119.3279; 50.3491,-119.3153; 50.3407,-119.3060; 50.3334,-119.3082; 50.3243,-119.3260; 50.3155,-119.3306; 50.3044,-119.3553; 50.2943,-119.3606; 50.2792,-119.3877; 50.2708,-119.3897; 50.2519,-119.4214; 50.2296,-119.4115; 50.2277,-119.4055; 50.2456,-119.3740; 50.2499,-119.3508; 50.2408,-119.3432; 50.2249,-119.3809; 50.2147,-119.3884; 50.1906,-119.4287; 50.1918,-119.4348; 50.1751,-119.4466; 50.1257,-119.4542; 50.1145,-119.4673; 50.0660,-119.4421; 50.0484,-119.4516; 50.0105,-119.4392; 49.9589,-119.4646; 49.9351,-119.4665; 49.9107,-119.4976; 49.9026,-119.4940; 49.8991,-119.5039; 49.8889,-119.4975; 49.8809,-119.5046; 49.8763,-119.4978; 49.8602,-119.4977; 49.8493,-119.4872; 49.8430,-119.4945; 49.8327,-119.4883; 49.8194,-119.5049; 49.8119,-119.5021; 49.7892,-119.5465; 49.7777,-119.6329"
Kluane Lake,"61.6410,-138.6917; 61.6107,-138.6571; 61.5746,-138.6650; 61.5498,-138.6556; 61.4848,-138.5917; 61.4510,-138.6049; 61.4028,-138.6471; 61.3786,-138.7036; 61.3688,-138.7000; 61.3708,-138.7097; 61.3340,-138.7025; 61.3178,-138.6526; 61.3146,-138.6982; 61.2691,-138.7216; 61.2664,-138.6958; 61.2525,-138.6840; 61.2322,-138.5923; 61.2156,-138.5552; 61.2124,-138.5166; 61.2079,-138.5253; 61.1963,-138.5023; 61.1958,-138.4692; 61.1785,-138.4647; 61.1688,-138.4365; 61.1538,-138.4366; 61.1468,-138.4311; 61.1580,-138.4272; 61.1577,-138.4189; 61.1184,-138.4405; 61.1057,-138.4168; 61.0926,-138.4126; 61.0830,-138.3911; 61.0753,-138.3994; 61.0706,-138.3934; 61.0584,-138.3535; 61.0628,-138.3862; 61.0437,-138.3889; 61.0388,-138.4043; 61.0117,-138.4262; 61.0033,-138.4575; 60.9955,-138.4609; 60.9932,-138.4672; 61.0029,-138.4598; 61.0134,-138.4845; 61.0146,-138.5209; 61.0311,-138.4880; 61.0447,-138.5056; 61.0590,-138.5059; 61.0810,-138.5342; 61.0886,-138.5321; 61.1006,-138.5593; 61.1167,-138.5579; 61.1326,-138.5355; 61.1574,-138.5490; 61.1575,-138.5613; 61.1846,-138.6120; 61.1781,-138.6165; 61.1897,-138.6225; 61.2218,-138.6752; 61.2193,-138.6884; 61.2246,-138.7085; 61.2380,-138.7294; 61.2573,-138.8087; 61.2704,-138.8291; 61.2906,-138.8389; 61.2959,-138.8469; 61.3091,-138.8605; 61.3140,-138.8678; 61.3095,-138.8620; 61.3305,-138.9094; 61.3265,-138.9087; 61.3300,-138.9234; 61.3545,-138.9708; 61.3597,-139.0017; 61.3690,-138.9935; 61.3806,-139.0130; 61.3884,-139.0097; 61.3954,-139.0196; 61.3993,-139.0118; 61.4069,-139.0357; 61.4169,-139.0398; 61.4163,-139.0498; 61.4180,-139.0555; 61.4295,-139.0231; 61.4681,-139.0380; 61.4881,-139.0168; 61.5189,-139.0172; 61.5247,-138.9891; 61.5614,-138.9566; 61.5571,-138.9447; 61.5468,-138.9628; 61.5382,-138.9565; 61.5217,-138.9810; 61.5187,-138.9995; 61.4867,-139.0026; 61.4760,-139.0171; 61.4411,-139.0105; 61.4158,-138.9781; 61.4050,-138.9353; 61.3855,-138.9201; 61.3837,-138.9537; 61.3894,-138.9612; 61.3838,-138.9568; 61.3798,-138.9319; 61.3838,-138.9134; 61.3733,-138.8930; 61.3647,-138.8207; 61.3534,-138.7837; 61.3991,-138.7265; 61.4109,-138.6833; 61.4289,-138.6516; 61.4812,-138.6306; 61.5569,-138.6855; 61.5815,-138.6915; 61.6032,-138.6830; 61.6368,-138.7098; 61.6410,-138.6917"
Maligne Lake,"52.6123,-117.4708; 52.6289,-117.4863; 52.6333,-117.4837; 52.6310,-117.4883; 52.6375,-117.4948; 52.6411,-117.4913; 52.6533,-117.5290; 52.6711,-117.5545; 52.6819,-117.5980; 52.7130,-117.6210; 52.7155,-117.6310; 52.7209,-117.6309; 52.7280,-117.6432; 52.7170,-117.6155; 52.7173,-117.6057; 52.6927,-117.5868; 52.6762,-117.5418; 52.6609,-117.5144; 52.6527,-117.5146; 52.6535,-117.5022; 52.6434,-117.4979; 52.6450,-117.4907; 52.6377,-117.4762; 52.6074,-117.4482; 52.6010,-117.4313; 52.6017,-117.4135; 52.5946,-117.4102; 52.6003,-117.4553; 52.6123,-117.4708"
Lake Crescent,"48.0909,-123.7985; 48.0945,-123.8052; 48.0928,-123.7659; 48.0865,-123.7434; 48.0810,-123.7423; 48.0763,-123.7691; 48.0602,-123.7801; 48.0611,-123.7963; 48.0520,-123.7990; 48.0490,-123.8077; 48.0524,-123.8269; 48.0496,-123.8592; 48.0679,-123.9160; 48.0711,-123.9105; 48.0645,-123.8719; 48.0677,-123.8236; 48.0635,-123.8065; 48.0688,-123.7936; 48.0836,-123.7874; 48.0909,-123.7985"
Crater Lake,"42.9395,-122.1632; 42.9541,-122.1574; 42.9658,-122.1448; 42.9772,-122.1152; 42.9728,-122.1049; 42.9784,-122.0776; 42.9722,-122.0763; 42.9564,-122.0505; 42.9216,-122.0646; 42.9045,-122.0950; 42.9191,-122.1546; 42.9280,-122.1630; 42.9395,-122.1632"
Diablo Lake,"48.7125,-121.1323; 48.7156,-121.1323; 48.7201,-121.1222; 48.7141,-121.1098; 48.7142,-121.1037; 48.7176,-121.1002; 48.7137,-121.0949; 48.7115,-121.0848; 48.7109,-121.1035; 48.7080,-121.0981; 48.6913,-121.0953; 48.6871,-121.0864; 48.6816,-121.0850; 48.6935,-121.1006; 48.7026,-121.1000; 48.7089,-121.1035; 48.7071,-121.1110; 48.7125,-121.1219; 48.7125,-121.1323"
Garibaldi Lake,"49.9451,-123.0555; 49.9456,-123.0581; 49.9483,-123.0432; 49.9509,-123.0410; 49.9485,-123.0375; 49.9438,-123.0111; 49.9328,-122.9936; 49.9256,-122.9934; 49.9165,-123.0002; 49.9083,-122.9990; 49.9052,-123.0042; 49.9047,-123.0072; 49.9119,-123.0174; 49.9181,-123.0145; 49.9243,-123.0178; 49.9301,-123.0324; 49.9281,-123.0398; 49.9302,-123.0427; 49.9296,-123.0462; 49.9385,-123.0443; 49.9368,-123.0572; 49.9392,-123.0539; 49.9402,-123.0570; 49.9410,-123.0540; 49.9451,-123.0555"
San Juan Island,"48.4616,-123.0317; 48.4581,-123.0370; 48.4691,-123.0507; 48.4722,-123.0641; 48.4898,-123.0645; 48.4874,-123.0771; 48.4823,-123.0744; 48.4811,-123.0758; 48.4853,-123.0852; 48.4817,-123.0937; 48.4905,-123.1030; 48.4985,-123.1334; 48.5288,-123.1627; 48.5481,-123.1613; 48.5557,-123.1726; 48.5663,-123.1770; 48.5724,-123.1720; 48.5680,-123.1619; 48.5685,-123.1555; 48.5776,-123.1526; 48.5695,-123.1631; 48.5779,-123.1738; 48.5882,-123.1703; 48.5899,-123.1615; 48.5836,-123.1621; 48.5834,-123.1530; 48.5783,-123.1478; 48.5927,-123.1572; 48.5931,-123.1459; 48.6022,-123.1369; 48.6045,-123.1381; 48.6061,-123.1400; 48.6080,-123.1436; 48.5993,-123.1502; 48.6001,-123.1601; 48.5908,-123.1717; 48.5974,-123.1707; 48.5987,-123.1634; 48.6052,-123.1666; 48.6097,-123.1510; 48.6154,-123.1575; 48.6237,-123.1516; 48.6232,-123.1388; 48.6215,-123.1495; 48.6193,-123.1412; 48.6224,-123.1075; 48.6195,-123.1016; 48.6128,-123.0975; 48.5998,-123.1058; 48.5922,-123.0753; 48.5650,-123.0404; 48.5586,-123.0118; 48.5498,-123.0058; 48.5448,-123.0186; 48.5376,-123.0199; 48.5258,-122.9986; 48.5351,-122.9956; 48.5356,-122.9826; 48.5277,-122.9795; 48.5254,-122.9716; 48.5145,-122.9826; 48.5209,-123.0167; 48.5100,-123.0212; 48.5054,-123.0159; 48.4942,-123.0226; 48.4843,-123.0075; 48.4732,-123.0090; 48.4662,-122.9991; 48.4602,-122.9651; 48.4682,-122.9709; 48.4649,-122.9599; 48.4501,-122.9629; 48.4568,-123.0230; 48.4616,-123.0317"
Haida Gwaii,"53.9335,-133.2219; 53.9496,-133.2125; 53.9641,-133.1525; 54.0028,-133.1408; 54.0383,-133.0914; 54.1153,-133.1248; 54.1499,-133.1003; 54.2485,-133.1006; 54.2699,-133.0631; 54.2592,-132.9637; 54.2388,-132.9402; 54.1884,-132.9442; 54.1540,-132.8631; 54.1453,-132.8182; 54.1650,-132.6499; 54.1288,-132.5642; 54.0774,-132.5209; 54.1129,-132.4403; 54.1268,-132.3075; 54.0658,-132.2012; 54.0464,-132.1235; 54.0474,-131.9598; 54.0960,-131.7773; 54.2005,-131.6628; 54.1967,-131.6274; 53.9715,-131.6872; 53.7727,-131.8599; 53.7064,-131.8526; 53.6243,-131.9042; 53.5594,-131.9031; 53.5212,-131.9321; 53.4279,-131.8897; 53.2695,-131.9468; 53.2509,-131.8991; 53.2739,-131.8260; 53.2615,-131.7854; 53.1778,-131.7491; 53.1095,-131.6206; 53.0392,-131.5840; 52.9947,-131.6084; 52.9591,-131.5446; 52.9294,-131.5394; 52.8811,-131.4692; 52.8435,-131.5064; 52.8630,-131.6099; 52.8182,-131.6280; 52.7983,-131.6024; 52.7932,-131.5537; 52.8239,-131.4976; 52.8062,-131.4598; 52.7603,-131.4927; 52.7178,-131.4252; 52.6149,-131.3971; 52.5636,-131.3257; 52.5341,-131.3549; 52.5228,-131.4358; 52.4880,-131.4371; 52.4758,-131.3887; 52.4872,-131.3346; 52.4649,-131.3018; 52.4565,-131.2246; 52.3846,-131.2288; 52.3669,-131.1582; 52.3341,-131.1434; 52.2699,-131.0269; 52.2202,-130.9808; 52.1484,-131.0050; 52.0941,-130.9151; 52.0717,-130.9202; 52.0409,-130.9722; 52.0060,-130.9563; 51.9581,-130.9942; 51.9148,-130.9604; 51.8991,-130.9694; 51.8991,-130.9966; 51.9739,-131.1068; 52.0685,-131.1513; 52.0698,-131.2309; 52.1640,-131.3463; 52.2131,-131.4467; 52.2544,-131.4709; 52.3209,-131.5803; 52.4622,-131.6846; 52.5008,-131.7955; 52.5694,-131.9111; 52.6304,-131.9704; 52.7922,-132.2526; 52.8590,-132.2932; 52.9234,-132.3864; 52.9803,-132.3853; 53.0257,-132.5310; 53.0794,-132.5991; 53.1759,-132.6118; 53.1916,-132.6849; 53.2281,-132.6900; 53.2549,-132.7385; 53.2863,-132.7360; 53.3157,-132.7887; 53.3814,-132.7453; 53.4050,-132.6987; 53.4228,-132.7019; 53.4552,-132.7996; 53.4564,-132.9100; 53.4968,-132.9284; 53.5121,-132.9968; 53.5379,-133.0323; 53.5931,-133.0274; 53.6388,-132.9920; 53.6835,-133.0510; 53.7322,-133.0441; 53.7698,-133.1378; 53.8359,-133.1342; 53.9335,-133.2219"
Tombstone Park,"64.3346,-138.6794; 64.3222,-138.7090; 64.3233,-138.7249; 64.3308,-138.7347; 64.3299,-138.7776; 64.3196,-138.8085; 64.3161,-138.8377; 64.3240,-138.8675; 64.3054,-138.9168; 64.2923,-138.9313; 64.2831,-138.9284; 64.2747,-138.9547; 64.3029,-139.1949; 64.3165,-139.1251; 64.3341,-139.0980; 64.3450,-139.0613; 64.3546,-139.0508; 64.3677,-139.0135; 64.3989,-138.9733; 64.4212,-138.9695; 64.4611,-138.7736; 64.5960,-138.7882; 64.5792,-138.8433; 64.5670,-138.8586; 64.5631,-139.1033; 64.5842,-139.1254; 64.5983,-139.1185; 64.6034,-139.1249; 64.6282,-139.1066; 64.6278,-139.0751; 64.6345,-139.0592; 64.6592,-139.0555; 64.6819,-139.0833; 64.6958,-139.0803; 64.7139,-139.1094; 64.7290,-139.1088; 64.7470,-139.1469; 64.7573,-139.1274; 64.7655,-139.0605; 64.7876,-139.0255; 64.7872,-138.9707; 64.7824,-138.9619; 64.7856,-138.9225; 64.7945,-138.9000; 64.7822,-138.8773; 64.7835,-138.8544; 64.7699,-138.8365; 64.7786,-138.8101; 64.7748,-138.7963; 64.7782,-138.7678; 64.7733,-138.7251; 64.7736,-138.6656; 64.8390,-138.6301; 64.8731,-138.3788; 64.8388,-138.3828; 64.8371,-138.3484; 64.8501,-138.3064; 64.8671,-138.2835; 64.8250,-138.2178; 64.7086,-138.2633; 64.6528,-138.2033; 64.6512,-138.0659; 64.5024,-138.0246; 64.4481,-138.1773; 64.4553,-138.2079; 64.4466,-138.2358; 64.4405,-138.2479; 64.4274,-138.2528; 64.4186,-138.2841; 64.4019,-138.3037; 64.3823,-138.3398; 64.3804,-138.3530; 64.3535,-138.3913; 64.3512,-138.4003; 64.3611,-138.4206; 64.3661,-138.4728; 64.3583,-138.5266; 64.3614,-138.5480; 64.3372,-138.5990; 64.3346,-138.6794"
Alvord Desert,"42.5528,-118.5114; 42.5710,-118.4987; 42.5685,-118.4904; 42.5791,-118.4540; 42.5792,-118.4392; 42.5861,-118.4323; 42.5993,-118.4328; 42.6070,-118.4132; 42.6047,-118.4072; 42.5921,-118.4113; 42.5739,-118.4010; 42.5574,-118.4113; 42.5163,-118.4103; 42.4954,-118.4210; 42.4777,-118.4213; 42.4754,-118.4314; 42.4937,-118.4385; 42.4918,-118.4488; 42.4780,-118.4566; 42.4717,-118.4676; 42.4737,-118.4834; 42.4669,-118.4995; 42.4693,-118.5286; 42.5315,-118.5271; 42.5528,-118.5114"
Stanley Park,"49.2907,-123.1451; 49.2900,-123.1471; 49.2949,-123.1506; 49.2979,-123.1577; 49.3012,-123.1588; 49.3113,-123.1525; 49.3141,-123.1414; 49.3028,-123.1295; 49.3002,-123.1164; 49.2980,-123.1175; 49.2960,-123.1278; 49.2969,-123.1344; 49.2907,-123.1451"
Lake O'Hara,"51.3565,-116.3358; 51.3577,-116.3370; 51.3566,-116.3378; 51.3580,-116.3381; 51.3574,-116.3273; 51.3543,-116.3253; 51.3531,-116.3314; 51.3554,-116.3361; 51.3565,-116.3358"
Moraine Lake,"51.3163,-116.1892; 51.3181,-116.1892; 51.3185,-116.1913; 51.3217,-116.1889; 51.3277,-116.1817; 51.3270,-116.1787; 51.3173,-116.1860; 51.3163,-116.1892"
Lake Louise,"51.4083,-116.2393; 51.4170,-116.2248; 51.4167,-116.2162; 51.4109,-116.2239; 51.4093,-116.2304; 51.4061,-116.2356; 51.4057,-116.2374; 51.4083,-116.2393"
Colchuck Lake,"47.4984,-120.8325; 47.4910,-120.8299; 47.4893,-120.8308; 47.4879,-120.8350; 47.4893,-120.8377; 47.4942,-120.8351; 47.4948,-120.8366; 47.4984,-120.8325"
Lake Serene,"47.7842,-121.5725; 47.7849,-121.5702; 47.7797,-121.5666; 47.7783,-121.5668; 47.7806,-121.5728; 47.7839,-121.5743; 47.7842,-121.5725"
