name,category,difficulty,geometry,image,blurb
Bend,town,easy,"44.0582,-121.3153",,"High-desert hub on the Deschutes River, and home to the world's very last Blockbuster video store."
Sisters,town,medium,"44.2909,-121.5493",,"Western-themed village named for the Three Sisters volcanoes that crowd its skyline to the southwest."
Smith Rock,climb,medium,"44.3668,-121.1446",,"Birthplace of American sport climbing: To Bolt or Not to Be at the Dihedrals became the first US 5.14a in 1986."
Infinite Bliss,climb,hard,"47.5525,-121.5135",,"23 bolted pitches and ~2600 ft up a south-side gully of Mt Garfield's West Peak, billed as North America's longest sport climb."
Flyboys,climb,hard,"48.6245,-120.4480",,"18-pitch 5.9 sport line up Mazama's Goat Wall, bolted in 2016-17 with crowdfunded hardware from Washington climbers."
Bongos,poi,hard,"47.6767,-122.3469",,"Caribbean cafe in a converted 76 gas station on Aurora; a sandpit now sits where the pumps used to be."
Vantage,climb,medium,"47.0250,-119.9686",,"Columnar basalt cliffs of Frenchman Coulee, a side channel scoured out by the Ice Age floods above the Columbia."
Yakima,town,medium,"46.6016,-120.5108",,"Hop capital of the US: the Yakima Valley grows roughly three quarters of the nation's hops."
Port Hardy,town,medium,"50.7244,-127.4976",,"Near the north tip of Vancouver Island, where BC Ferries' Inside Passage run departs for Prince Rupert."
Brave New World,climb,hard,"47.4980,-121.7549",,"5.14d, hardest sport route in Washington."
